Library, Design Unit, compile Time, Peak Mem Usage
work, ram_top, 0h:00m:00s,     96 MB
work, \~psram_top.ram_top , 0h:00m:00s,     96 MB
work, CLKDIV, 0h:00m:00s,     96 MB
work, DHCEN, 0h:00m:00s,     96 MB
work, DLL, 0h:00m:00s,     96 MB
work, \~psram_sync.ram_top , 0h:00m:00s,     96 MB
work, \~psram_init.ram_top , 0h:00m:00s,     98 MB
work, OBUF, 0h:00m:00s,     98 MB
work, ELVDS_OBUF, 0h:00m:00s,     98 MB
work, IODELAY, 0h:00m:00s,     98 MB
work, IOBUF, 0h:00m:00s,     98 MB
work, \~psram_lane.ram_top _Z2, 0h:00m:00s,     98 MB
work, \~psram_lane.ram_top _Z1, 0h:00m:00s,     98 MB
work, IDES4, 0h:00m:00s,     98 MB
work, OSER4, 0h:00m:00s,     98 MB
work, \~psram_wd.ram_top , 0h:00m:00s,     99 MB
