Library, Design Unit, compile Time, Peak Mem Usage
work, Entity: dp_bram_16_800 Architecture: rtl, 0h:00m:00s,     98 MB
work, Entity: linebuffer_16_800_3_false Architecture: rtl, 0h:00m:00s,     98 MB
work, Entity: work_linebuffer_wapper_rtl_3_800_16_1_no_of_linessamples_per_linedata_width Architecture: rtl, 0h:00m:00s,     98 MB
work, Entity: dp_bram_8_800 Architecture: rtl, 0h:00m:00s,     98 MB
work, Entity: linebuffer_8_800_3_false Architecture: rtl, 0h:00m:00s,     98 MB
work, Entity: work_linebuffer_wapper_rtl_3_800_8_1_no_of_linessamples_per_linedata_width Architecture: rtl, 0h:00m:00s,     98 MB
work, Entity: dp_bram_1_800 Architecture: rtl, 0h:00m:00s,     98 MB
work, Entity: linebuffer_1_800_9_false Architecture: rtl, 0h:00m:00s,     99 MB
work, Entity: work_linebuffer_wapper_rtl_9_800_1_1_no_of_linessamples_per_linedata_width Architecture: rtl, 0h:00m:00s,     99 MB
