Library, Design Unit, compile Time, Peak Mem Usage
work, top, 0h:00m:00s,    128 MB
work, display, 0h:00m:00s,    128 MB
work, word, 0h:00m:00s,    128 MB
work, bar, 0h:00m:00s,    128 MB
work, via, 0h:00m:00s,    128 MB
work, rgb_to_ycbcr, 0h:00m:00s,    130 MB
work, cam_thrould, 0h:00m:00s,    130 MB
work, fitter, 0h:00m:00s,    135 MB
work, sobel, 0h:00m:00s,    145 MB
work, rgb_gauss, 0h:00m:00s,    145 MB
work, controler, 0h:00m:00s,    145 MB
work, number, 0h:00m:00s,    145 MB
work, con_thr, 0h:00m:00s,    145 MB
work, thr, 0h:00m:00s,    145 MB
work, con_fit, 0h:00m:00s,    145 MB
work, fit, 0h:00m:00s,    145 MB
work, con_sob, 0h:00m:01s,    145 MB
work, sob, 0h:00m:00s,    145 MB
work, MUX2, 0h:00m:00s,    145 MB
work, ROM, 0h:00m:00s,    145 MB
work, con_fil, 0h:00m:00s,    145 MB
work, uart_test, 0h:00m:00s,    145 MB
work, uart_rx_50s_115200s_434s_1s_2s_3s_4s_5s, 0h:00m:00s,    145 MB
work, psram_con, 0h:00m:00s,    145 MB
work, ram_top, 0h:00m:00s,    145 MB
work, ~psram_top.ram_top_, 0h:00m:00s,    145 MB
work, ~psram_sync.ram_top_, 0h:00m:00s,    145 MB
work, DFFPE, 0h:00m:00s,    145 MB
work, DFFP, 0h:00m:00s,    145 MB
work, ~psram_init.ram_top_, 0h:00m:00s,    145 MB
work, ~psram_wd.ram_top_, 0h:00m:00s,    145 MB
work, ~psram_lane.ram_top__Z1, 0h:00m:00s,    145 MB
work, ~psram_lane.ram_top__Z2, 0h:00m:00s,    145 MB
work, IDES4, 0h:00m:00s,    145 MB
work, OSER4, 0h:00m:00s,    145 MB
work, IODELAY, 0h:00m:00s,    145 MB
work, ELVDS_OBUF, 0h:00m:00s,    145 MB
work, IOBUF, 0h:00m:00s,    145 MB
work, OBUF, 0h:00m:00s,    145 MB
work, ALU, 0h:00m:00s,    145 MB
work, DFFCE, 0h:00m:00s,    145 MB
work, DLL, 0h:00m:00s,    145 MB
work, DHCEN, 0h:00m:00s,    145 MB
work, CLKDIV, 0h:00m:00s,    145 MB
work, DFFC, 0h:00m:00s,    145 MB
work, wr_con, 0h:00m:00s,    155 MB
work, color_bar, 0h:00m:00s,    155 MB
work, fifo128_64i_64o, 0h:00m:00s,    155 MB
work, ~fifo.fifo128_64i_64o_, 0h:00m:00s,    155 MB
work, VCC, 0h:00m:00s,    155 MB
work, GND, 0h:00m:00s,    155 MB
work, SDPX9, 0h:00m:00s,    155 MB
work, DFFR, 0h:00m:00s,    155 MB
work, DFFE, 0h:00m:00s,    155 MB
work, DFF, 0h:00m:00s,    155 MB
work, MUX2_LUT6, 0h:00m:00s,    155 MB
work, MUX2_LUT5, 0h:00m:00s,    155 MB
work, LUT3, 0h:00m:00s,    155 MB
work, LUT2, 0h:00m:00s,    155 MB
work, LUT4, 0h:00m:00s,    155 MB
work, INV, 0h:00m:00s,    155 MB
work, GSR, 0h:00m:00s,    155 MB
work, ram_pll, 0h:00m:00s,    155 MB
work, video_pll, 0h:00m:00s,    155 MB
work, cmos_8_64bit, 0h:00m:00s,    155 MB
work, lut_ov5640_rgb565_480_272, 0h:00m:00s,    155 MB
work, i2c_config, 0h:00m:00s,    155 MB
work, i2c_master_top, 0h:00m:00s,    155 MB
work, i2c_master_byte_ctrl, 0h:00m:00s,    155 MB
work, i2c_master_bit_ctrl, 0h:00m:00s,    155 MB
work, cmos_pll, 0h:00m:00s,    155 MB
work, sys_pll, 0h:00m:00s,    155 MB
work, PLL, 0h:00m:00s,    155 MB
work, Entity: dp_bram_16_800 Architecture: rtl, 0h:00m:00s,     98 MB
work, Entity: linebuffer_16_800_3_false Architecture: rtl, 0h:00m:00s,     98 MB
work, Entity: work_linebuffer_wapper_rtl_3_800_16_1_no_of_linessamples_per_linedata_width Architecture: rtl, 0h:00m:00s,     98 MB
work, Entity: dp_bram_8_800 Architecture: rtl, 0h:00m:00s,     98 MB
work, Entity: linebuffer_8_800_3_false Architecture: rtl, 0h:00m:00s,     98 MB
work, Entity: work_linebuffer_wapper_rtl_3_800_8_1_no_of_linessamples_per_linedata_width Architecture: rtl, 0h:00m:00s,     98 MB
work, Entity: dp_bram_1_800 Architecture: rtl, 0h:00m:00s,     98 MB
work, Entity: linebuffer_1_800_9_false Architecture: rtl, 0h:00m:00s,     99 MB
work, Entity: work_linebuffer_wapper_rtl_9_800_1_1_no_of_linessamples_per_linedata_width Architecture: rtl, 0h:00m:00s,     99 MB
